nichi,kion_max,kion_min,kion_ave,kion_asa,kion_hiru,kion_yoru,kousuiryou,kousuiryou_asa,kousuiryou_hiru,kousuiryou_yoru,kousuiryou_jikan,kousuiryou_asa_jikan,kousuiryou_hiru_jikan,kousuiryou_yoru_jikan,tenki_id2,tenki_id2_asa,tenki_id2_hiru,tenki_id2_yoru
20180301,21,7,13,10,17,13,62,62,0,0,7,7,0,0,30,30,10,10
20180302,14,6,10,9,13,9,0,0,0,0,0,0,0,0,10,20,10,10
20180303,15,5,10,6,14,12,0,0,0,0,0,0,0,0,20,20,10,20
20180304,20,8,15,11,19,16,0,0,0,0,0,0,0,0,10,20,10,10
20180305,18,10,16,16,17,16,38,0,9,29,10,0,5,5,30,20,30,30
20180306,11,6,9,8,10,8,1,1,0,0,1,1,0,0,30,30,10,10
20180307,9,4,6,5,7,6,0,0,0,0,0,0,0,0,20,20,20,20
20180308,14,4,6,4,6,9,31,1,8,22,14,2,4,8,30,30,30,30
20180309,18,7,14,17,14,10,48,43,3,2,13,7,4,2,30,30,30,30
20180310,11,5,8,6,10,8,2,2,0,0,3,3,0,0,30,30,10,10
20180311,16,7,10,8,13,11,0,0,0,0,0,0,0,0,10,20,10,10
20180312,15,6,10,7,13,11,0,0,0,0,0,0,0,0,10,20,10,10
20180313,18,6,12,8,15,14,0,0,0,0,0,0,0,0,10,20,10,10
20180314,22,9,15,11,20,16,0,0,0,0,0,0,0,0,10,20,10,10
20180315,21,11,16,13,19,17,0,0,0,0,0,0,0,0,20,20,10,20
20180316,17,6,13,16,14,8,6,1,1,4,7,2,2,3,30,30,30,30
20180317,12,4,8,6,10,8,0,0,0,0,0,0,0,0,10,20,10,10
20180318,18,6,12,8,15,14,0,0,0,0,0,0,0,0,20,20,10,20
20180319,17,12,14,13,17,14,0,0,0,0,0,0,0,0,20,20,20,20
20180320,12,7,9,10,8,8,10,6,4,0,12,8,4,0,30,30,30,20
20180321,7,1,4,5,2,3,23,4,11,8,15,2,6,7,40,30,40,30
20180322,15,5,10,7,12,13,11,11,0,0,4,4,0,0,30,30,20,20
20180323,16,9,12,11,14,11,4,0,0,4,4,0,0,4,30,20,10,30
20180324,16,9,12,10,14,13,1,1,0,0,1,1,0,0,30,30,10,20
20180325,18,8,13,10,17,14,0,0,0,0,0,0,0,0,10,20,10,10
20180326,21,9,15,11,19,16,0,0,0,0,0,0,0,0,10,20,10,10
20180327,21,11,16,13,19,17,0,0,0,0,0,0,0,0,20,20,10,20
20180328,23,13,17,15,21,18,0,0,0,0,0,0,0,0,10,20,10,10
20180329,23,14,18,16,22,19,0,0,0,0,0,0,0,0,10,20,10,10
20180330,18,11,14,14,16,12,0,0,0,0,0,0,0,0,10,20,10,10
20180331,19,9,14,11,17,15,0,0,0,0,0,0,0,0,10,20,10,10
20180401,21,12,16,14,19,16,0,0,0,0,0,0,0,0,20,20,10,20
20180402,24,14,18,16,22,17,0,0,0,0,0,0,0,0,10,20,10,10
20180403,24,15,18,16,21,19,0,0,0,0,0,0,0,0,10,20,10,10
20180404,26,16,20,18,24,20,0,0,0,0,0,0,0,0,10,20,10,10
20180405,16,12,14,14,14,13,0,0,0,0,0,0,0,0,20,20,20,20
20180406,22,12,18,16,20,19,4,0,0,4,2,0,0,2,30,20,10,30
20180407,21,11,17,19,17,13,2,2,0,0,1,1,0,0,30,30,20,20
20180408,17,8,12,11,15,12,0,0,0,0,0,0,0,0,10,20,10,10
20180409,19,7,14,10,18,15,0,0,0,0,0,0,0,0,10,20,10,10
20180410,19,10,14,12,18,15,0,0,0,0,0,0,0,0,10,20,10,10
20180411,22,13,18,16,20,19,1,0,1,0,1,0,1,0,30,20,30,10
20180412,25,16,20,18,24,19,0,0,0,0,0,0,0,0,10,20,10,10
20180413,21,13,16,15,20,15,0,0,0,0,0,0,0,0,10,20,10,10
20180414,20,12,15,13,18,16,1,0,0,1,1,0,0,1,30,20,20,30
20180415,24,14,19,18,22,17,17,17,0,0,7,7,0,0,30,30,10,20
20180416,19,13,15,14,17,15,0,0,0,0,0,0,0,0,20,20,10,20
20180417,16,12,13,14,15,12,3,0,0,3,4,0,0,4,30,20,20,30
20180418,17,12,13,12,14,14,26,24,2,0,12,10,2,0,30,30,30,10
20180419,22,12,17,14,21,17,0,0,0,0,0,0,0,0,10,20,10,10
20180420,26,14,19,16,24,18,0,0,0,0,0,0,0,0,10,10,10,10
20180421,26,14,19,17,24,19,0,0,0,0,0,0,0,0,10,10,10,10
20180422,28,16,21,18,25,20,0,0,0,0,0,0,0,0,10,10,10,10
20180423,18,15,16,17,17,15,0,0,0,0,0,0,0,0,20,20,20,20
20180424,22,15,18,17,21,19,0,0,0,0,0,0,0,0,20,20,20,20
20180425,23,17,19,19,20,20,67,50,17,0,11,9,2,0,30,30,30,20
20180426,25,16,19,18,23,17,0,0,0,0,0,0,0,0,20,10,10,20
20180427,22,16,19,18,21,18,0,0,0,0,0,0,0,0,20,20,20,20
20180428,25,16,20,18,24,19,0,0,0,0,0,0,0,0,10,10,10,10
20180429,25,16,20,18,24,20,0,0,0,0,0,0,0,0,10,10,10,10
20180430,25,18,21,20,24,20,0,0,0,0,0,0,0,0,20,10,10,20
20180501,28,18,22,20,26,21,0,0,0,0,0,0,0,0,10,10,10,10
20180502,26,18,21,20,24,20,10,0,0,10,3,0,0,3,30,20,20,30
20180503,27,18,22,22,25,20,13,13,0,0,6,6,0,0,30,30,10,20
20180504,22,15,18,18,21,17,0,0,0,0,0,0,0,0,10,20,10,10
20180505,24,13,19,16,22,19,0,0,0,0,0,0,0,0,10,10,10,10
20180506,26,16,20,18,24,21,3,0,0,3,2,0,0,2,30,10,10,30
20180507,20,14,18,18,19,16,32,1,1,30,10,1,1,8,30,30,30,30
20180508,14,12,13,13,14,13,12,1,1,10,11,2,1,8,30,30,30,30
20180509,15,11,12,11,13,14,42,41,1,0,11,10,1,0,30,30,30,20
20180510,16,12,13,13,14,14,4,0,4,0,1,0,1,0,30,20,30,10
20180511,22,11,17,13,21,18,0,0,0,0,0,0,0,0,10,10,10,20
20180512,25,14,19,17,23,20,0,0,0,0,0,0,0,0,10,10,10,10
20180513,21,15,18,19,20,16,52,0,5,47,7,0,2,5,30,20,30,30
20180514,28,16,21,18,25,22,0,0,0,0,0,0,0,0,10,20,10,10
20180515,28,17,22,20,26,22,0,0,0,0,0,0,0,0,10,10,10,10
20180516,27,19,22,21,26,22,0,0,0,0,0,0,0,0,10,10,10,10
20180517,27,21,23,22,25,23,0,0,0,0,0,0,0,0,20,20,10,20
20180518,29,20,23,22,26,23,0,0,0,0,0,0,0,0,20,10,10,20
20180519,24,16,21,22,23,18,0,0,0,0,0,0,0,0,20,20,20,10
20180520,21,14,17,15,20,17,0,0,0,0,0,0,0,0,10,10,10,10
20180521,26,16,20,18,25,20,0,0,0,0,0,0,0,0,10,10,10,10
20180522,27,16,21,19,25,20,0,0,0,0,0,0,0,0,10,10,10,10
20180523,21,17,19,19,19,18,10,0,2,8,8,0,3,5,30,20,30,30
20180524,26,16,21,18,24,21,7,7,0,0,3,3,0,0,30,30,10,10
20180525,27,19,23,21,25,23,0,0,0,0,0,0,0,0,10,20,10,10
20180526,26,19,22,22,24,21,0,0,0,0,0,0,0,0,20,20,20,20
20180527,27,18,22,19,25,22,0,0,0,0,0,0,0,0,10,20,10,10
20180528,25,20,22,21,24,22,0,0,0,0,0,0,0,0,20,20,20,20
20180529,28,21,23,22,25,22,0,0,0,0,0,0,0,0,20,20,20,10
20180530,24,18,21,21,23,19,11,0,0,11,7,0,0,7,30,20,20,30
20180531,21,17,19,18,20,20,0,0,0,0,0,0,0,0,20,20,20,20
20180601,26,18,22,20,25,21,0,0,0,0,0,0,0,0,10,10,10,10
20180602,27,18,22,20,25,21,0,0,0,0,0,0,0,0,10,20,10,10
20180603,29,18,23,21,27,22,0,0,0,0,0,0,0,0,10,10,10,20
20180604,29,19,24,22,27,23,0,0,0,0,0,0,0,0,10,10,10,10
20180605,28,20,23,22,26,23,0,0,0,0,0,0,0,0,20,20,10,20
20180606,22,19,20,21,20,19,16,2,8,6,16,3,6,7,30,30,30,30
20180607,27,19,22,20,25,22,3,3,0,0,3,3,0,0,30,30,10,10
20180608,27,20,23,22,26,23,3,0,0,3,2,0,0,2,30,20,10,30
20180609,31,22,26,23,30,25,2,2,0,0,2,2,0,0,30,30,10,10
20180610,23,18,20,21,20,19,46,0,12,34,12,0,4,8,30,20,30,30
20180611,21,18,19,18,19,20,42,30,11,1,16,10,5,1,30,30,30,30
20180612,28,20,22,20,25,22,0,0,0,0,0,0,0,0,20,20,10,20
20180613,25,19,22,20,24,21,0,0,0,0,0,0,0,0,20,20,20,20
20180614,25,19,21,21,23,20,0,0,0,0,0,0,0,0,20,20,10,20
20180615,21,17,18,20,18,17,7,1,5,1,5,1,3,1,30,30,30,30
20180616,18,15,16,16,17,16,1,1,0,0,1,1,0,0,30,30,20,20
20180617,24,16,19,17,21,20,0,0,0,0,0,0,0,0,20,20,20,10
20180618,21,18,20,20,20,19,2,0,0,2,3,0,0,3,30,20,20,30
20180619,28,18,23,20,26,23,0,0,0,0,0,0,0,0,10,20,10,10
20180620,22,20,21,21,21,21,36,10,14,12,17,5,4,8,30,30,30,30
20180621,24,19,21,20,22,22,15,15,0,0,4,4,0,0,30,30,20,20
20180622,28,20,23,22,26,23,0,0,0,0,0,0,0,0,10,10,10,10
20180623,23,19,20,21,21,19,18,0,6,12,7,0,3,4,30,20,30,30
20180624,26,19,22,20,24,23,4,3,1,0,4,3,1,0,30,30,30,10
20180625,32,21,26,23,31,25,0,0,0,0,0,0,0,0,10,10,10,10
20180626,30,22,25,24,28,25,0,0,0,0,0,0,0,0,10,20,10,10
20180627,31,24,27,26,29,26,0,0,0,0,0,0,0,0,20,20,10,20
20180628,30,25,26,25,28,26,0,0,0,0,0,0,0,0,20,20,10,20
20180629,30,25,27,26,29,26,0,0,0,0,0,0,0,0,10,10,10,10
20180630,31,25,28,26,30,27,0,0,0,0,0,0,0,0,10,10,10,10
20180701,31,25,28,27,30,27,0,0,0,0,0,0,0,0,10,10,10,10
20180702,32,25,28,26,31,27,0,0,0,0,0,0,0,0,10,10,10,10
20180703,32,25,27,27,30,26,0,0,0,0,0,0,0,0,10,10,10,10
20180704,30,25,27,26,28,26,0,0,0,0,0,0,0,0,20,20,10,20
20180705,28,25,26,26,27,26,1,1,0,0,2,2,0,0,30,30,20,20
20180706,26,20,23,25,24,21,37,18,3,16,13,7,3,3,30,30,30,30
20180707,29,20,25,23,28,26,1,1,0,0,1,1,0,0,30,30,20,20
20180708,32,24,27,26,30,27,0,0,0,0,0,0,0,0,20,20,10,20
20180709,31,25,27,26,30,27,1,1,0,0,1,1,0,0,30,30,10,10
20180710,33,25,28,27,31,28,0,0,0,0,0,0,0,0,10,20,10,10
20180711,33,26,28,27,31,28,0,0,0,0,0,0,0,0,20,20,10,20
20180712,31,24,27,26,28,26,3,3,0,0,3,3,0,0,30,30,20,20
20180713,33,25,28,27,31,28,0,0,0,0,0,0,0,0,20,20,10,20
20180714,36,26,30,28,34,29,0,0,0,0,0,0,0,0,10,10,10,10
20180715,34,27,29,28,33,28,0,0,0,0,0,0,0,0,20,20,10,20
20180716,33,27,29,28,31,28,0,0,0,0,0,0,0,0,10,10,10,10
20180717,33,27,29,28,32,28,0,0,0,0,0,0,0,0,10,20,10,10
20180718,34,27,30,29,33,29,0,0,0,0,0,0,0,0,10,20,10,10
20180719,34,27,29,28,32,29,0,0,0,0,0,0,0,0,10,10,10,10
20180720,34,27,29,28,32,29,0,0,0,0,0,0,0,0,10,10,10,10
20180721,33,27,30,29,32,29,0,0,0,0,0,0,0,0,10,10,10,10
20180722,35,27,30,29,33,30,0,0,0,0,0,0,0,0,20,10,10,20
20180723,37,28,31,30,35,31,0,0,0,0,0,0,0,0,10,20,10,10
20180724,35,27,30,28,33,29,0,0,0,0,0,0,0,0,10,20,10,10
20180725,33,26,29,28,32,28,0,0,0,0,0,0,0,0,20,20,10,20
20180726,30,25,27,26,28,26,0,0,0,0,0,0,0,0,20,20,20,20
20180727,30,24,26,25,28,25,0,0,0,0,0,0,0,0,20,10,10,20
20180728,28,20,24,21,26,26,53,20,13,20,14,7,3,4,30,30,30,30
20180729,33,25,28,27,32,28,7,7,0,0,4,4,0,0,30,30,10,10
20180730,33,26,28,27,31,28,0,0,0,0,0,0,0,0,10,20,10,10
20180731,34,25,29,27,32,28,0,0,0,0,0,0,0,0,10,20,10,10
20180801,35,26,30,28,34,30,0,0,0,0,0,0,0,0,10,10,10,10
20180802,36,27,31,29,34,30,0,0,0,0,0,0,0,0,20,10,10,20
20180803,36,27,30,29,34,29,0,0,0,0,0,0,0,0,20,20,10,20
20180804,34,27,30,28,32,29,0,0,0,0,0,0,0,0,10,20,10,10
20180805,35,27,30,29,33,30,0,0,0,0,0,0,0,0,10,20,10,10
20180806,33,25,29,29,32,27,0,0,0,0,0,0,0,0,20,20,10,20
20180807,25,22,23,23,23,23,4,3,0,1,6,4,0,2,30,30,20,30
20180808,25,22,24,23,25,25,29,2,5,22,14,2,4,8,30,30,30,30
20180809,32,24,27,25,30,28,5,5,0,0,5,5,0,0,30,30,10,20
20180810,34,27,29,29,32,28,0,0,0,0,0,0,0,0,10,10,10,10
20180811,34,27,30,28,33,29,0,0,0,0,0,0,0,0,10,10,10,20
20180812,30,26,27,27,28,28,31,31,0,0,3,3,0,0,30,30,20,10
20180813,34,26,28,28,31,27,0,0,0,0,0,0,0,0,20,20,10,20
20180814,33,26,29,28,32,29,0,0,0,0,0,0,0,0,10,20,10,10
20180815,33,27,29,29,31,28,0,0,0,0,0,0,0,0,10,10,10,10
20180816,32,27,28,28,30,28,0,0,0,0,0,0,0,0,20,20,10,20
20180817,30,23,26,26,29,25,1,1,0,0,1,1,0,0,30,30,10,10
20180818,28,20,23,22,26,23,0,0,0,0,0,0,0,0,10,20,10,10
20180819,29,20,24,22,27,24,0,0,0,0,0,0,0,0,20,20,10,20
20180820,27,23,25,24,25,25,0,0,0,0,0,0,0,0,20,20,20,20
20180821,33,24,28,26,32,28,0,0,0,0,0,0,0,0,10,20,10,10
20180822,34,27,29,28,33,28,0,0,0,0,0,0,0,0,10,20,10,10
20180823,33,27,29,28,31,29,0,0,0,0,0,0,0,0,10,10,10,20
20180824,30,27,28,28,29,28,8,6,2,0,7,6,1,0,30,30,30,10
20180825,34,27,30,29,33,30,0,0,0,0,0,0,0,0,10,10,10,10
20180826,36,28,31,30,35,30,0,0,0,0,0,0,0,0,10,10,10,10
20180827,36,25,30,29,34,28,2,0,0,2,1,0,0,1,30,20,10,30
20180828,32,25,27,26,30,27,0,0,0,0,0,0,0,0,20,20,10,20
20180829,30,25,27,26,28,27,0,0,0,0,0,0,0,0,20,20,20,10
20180830,33,26,29,27,31,28,0,0,0,0,0,0,0,0,20,20,10,20
20180831,35,26,30,29,33,28,0,0,0,0,0,0,0,0,10,10,10,10
20180901,31,23,28,27,30,27,11,0,0,11,1,0,0,1,30,20,20,30
20180902,24,21,23,22,23,23,7,6,1,0,3,2,1,0,30,30,30,20
20180903,28,22,24,23,25,25,13,12,1,0,3,2,1,0,30,30,30,10
20180904,30,24,27,25,29,28,24,21,3,0,8,6,2,0,30,30,30,20
20180905,31,22,27,26,30,27,22,22,0,0,4,4,0,0,30,30,10,10
20180906,31,26,27,27,29,27,0,0,0,0,0,0,0,0,20,10,10,20
20180907,31,25,27,26,29,27,1,1,0,0,1,1,0,0,30,30,20,20
20180908,32,26,28,27,30,27,0,0,0,0,0,0,0,0,10,10,10,10
20180909,32,26,28,27,30,27,0,0,0,0,0,0,0,0,10,20,10,10
20180910,30,22,25,26,27,23,46,5,1,40,12,4,1,7,30,30,30,30
20180911,25,21,22,22,24,22,1,1,0,0,1,1,0,0,30,30,20,20
20180912,25,19,22,21,24,21,1,0,0,1,1,0,0,1,30,20,20,30
20180913,26,19,23,20,25,24,0,0,0,0,0,0,0,0,20,20,20,20
20180914,23,19,22,22,22,21,18,4,3,11,12,4,4,4,30,30,30,30
20180915,22,19,21,20,21,21,20,15,5,0,10,6,4,0,30,30,30,20
20180916,26,21,23,21,25,23,1,1,0,0,1,1,0,0,30,30,20,10
20180917,31,21,25,24,30,23,32,0,0,32,5,0,0,5,30,20,10,30
20180918,29,21,24,22,27,24,12,2,0,10,5,2,0,3,30,30,10,30
20180919,27,20,23,21,26,23,0,0,0,0,0,0,0,0,10,20,10,10
20180920,24,16,20,22,21,18,34,0,8,26,11,0,3,8,30,20,30,30
20180921,20,16,18,17,18,19,18,8,8,2,16,8,5,3,30,30,30,30
20180922,26,20,22,21,24,23,0,0,0,0,0,0,0,0,20,20,10,10
20180923,28,23,25,24,27,24,0,0,0,0,0,0,0,0,10,20,10,10
20180924,29,23,25,23,27,25,0,0,0,0,0,0,0,0,10,20,10,10
20180925,24,19,22,23,21,20,24,1,19,4,9,1,4,4,30,30,30,30
20180926,20,16,18,18,18,17,33,2,4,27,12,3,1,8,30,30,30,30
20180927,18,15,16,16,17,17,16,15,1,0,7,6,1,0,30,30,30,20
20180928,26,15,20,17,25,21,0,0,0,0,0,0,0,0,10,10,10,10
20180929,21,18,19,20,19,18,11,0,7,4,10,0,5,5,30,20,30,30
20180930,27,17,21,18,22,24,42,24,5,13,14,7,2,5,30,30,30,30
20181001,31,21,26,26,29,23,9,9,0,0,2,2,0,0,30,30,10,10
20181002,27,19,22,21,26,22,0,0,0,0,0,0,0,0,10,20,10,10
20181003,23,18,21,20,22,21,0,0,0,0,0,0,0,0,20,20,20,20
20181004,22,20,21,21,21,20,0,0,0,0,0,0,0,0,20,20,20,20
20181005,20,18,19,19,19,19,8,0,4,4,9,0,4,5,30,20,30,30
20181006,29,18,24,20,28,26,0,0,0,0,0,0,0,0,10,20,10,10
20181007,32,24,27,26,31,26,0,0,0,0,0,0,0,0,10,20,10,10
20181008,24,21,22,23,23,21,0,0,0,0,0,0,0,0,20,20,20,10
20181009,27,19,22,21,26,22,0,0,0,0,0,0,0,0,10,20,10,10
20181010,27,20,23,21,25,23,2,0,0,2,1,0,0,1,30,20,10,30
20181011,25,20,22,21,23,23,1,1,0,0,1,1,0,0,30,30,10,10
20181012,24,19,21,20,22,20,0,0,0,0,0,0,0,0,20,20,20,20
20181013,19,16,18,18,18,17,1,0,0,1,1,0,0,1,30,20,20,30
20181014,21,14,17,14,19,18,10,10,0,0,8,8,0,0,30,30,20,10
20181015,21,17,19,18,20,19,0,0,0,0,0,0,0,0,20,20,20,20
20181016,22,16,19,17,21,19,0,0,0,0,0,0,0,0,20,20,20,20
20181017,24,16,19,17,22,18,1,1,0,0,2,2,0,0,30,30,10,20
20181018,22,15,18,17,21,18,0,0,0,0,0,0,0,0,20,20,10,20
20181019,20,16,17,16,19,17,0,0,0,0,0,0,0,0,20,20,20,20
20181020,23,15,17,16,21,16,13,0,0,13,4,0,0,4,30,20,10,30
20181021,22,15,18,16,21,17,0,0,0,0,0,0,0,0,10,20,10,10
20181022,22,13,17,14,21,18,0,0,0,0,0,0,0,0,10,20,10,10
20181023,17,13,15,15,16,16,1,1,0,0,1,1,0,0,30,30,20,20
20181024,23,15,18,16,21,19,0,0,0,0,0,0,0,0,10,20,10,10
20181025,22,16,19,18,21,18,0,0,0,0,0,0,0,0,10,20,10,10
20181026,21,16,18,17,20,19,0,0,0,0,0,0,0,0,20,20,20,20
20181027,25,16,20,18,23,20,21,21,0,0,7,7,0,0,30,30,10,10
20181028,22,16,18,17,20,17,0,0,0,0,0,0,0,0,10,20,10,10
20181029,23,13,18,16,22,18,0,0,0,0,0,0,0,0,10,20,10,10
20181030,24,14,18,16,22,18,0,0,0,0,0,0,0,0,10,20,10,10
20181031,21,13,16,15,19,16,0,0,0,0,0,0,0,0,20,20,10,20
20181101,20,12,15,13,18,15,0,0,0,0,0,0,0,0,10,20,10,10
20181102,19,11,15,13,18,15,0,0,0,0,0,0,0,0,10,20,10,10
20181103,20,11,16,13,18,17,0,0,0,0,0,0,0,0,20,20,10,20
20181104,16,14,15,15,15,15,2,0,2,0,2,0,2,0,30,20,30,20
20181105,21,15,18,16,20,19,0,0,0,0,0,0,0,0,20,20,20,20
20181106,20,16,18,18,18,17,32,0,22,10,9,0,5,4,30,20,30,30
20181107,20,16,17,17,19,17,0,0,0,0,0,0,0,0,20,20,20,10
20181108,21,14,17,15,20,18,0,0,0,0,0,0,0,0,20,20,10,20
20181109,17,15,16,15,17,17,7,2,3,2,6,2,2,2,30,30,30,30
20181110,23,15,18,16,22,18,1,0,0,1,1,0,0,1,30,20,10,30
20181111,20,15,17,16,19,17,0,0,0,0,0,0,0,0,10,20,10,10
20181112,19,13,16,15,18,17,1,1,0,0,1,1,0,0,30,30,10,20
20181113,17,14,16,16,17,15,2,1,0,1,2,1,0,1,30,30,20,30
20181114,17,12,14,13,16,14,1,1,0,0,1,1,0,0,30,30,10,10
20181115,17,9,13,11,16,13,0,0,0,0,0,0,0,0,10,20,10,10
20181116,18,9,13,11,16,14,0,0,0,0,0,0,0,0,10,20,10,10
20181117,21,12,16,13,19,16,0,0,0,0,0,0,0,0,10,20,10,10
20181118,18,12,15,13,16,15,0,0,0,0,0,0,0,0,20,20,10,20
20181119,16,12,14,14,15,14,3,0,0,3,4,0,0,4,30,20,20,30
20181120,15,10,13,12,14,12,0,0,0,0,0,0,0,0,10,20,10,10
20181121,17,8,13,10,16,14,2,0,0,2,2,0,0,2,30,20,10,30
20181122,14,9,12,11,14,13,6,6,0,0,3,3,0,0,30,30,20,20
20181123,16,9,12,11,14,12,0,0,0,0,0,0,0,0,10,20,10,10
20181124,14,9,11,10,12,10,0,0,0,0,0,0,0,0,10,20,10,10
20181125,15,7,11,8,14,12,0,0,0,0,0,0,0,0,10,20,10,10
20181126,17,9,13,10,16,15,0,0,0,0,0,0,0,0,20,20,10,20
20181127,18,11,14,12,17,14,3,3,0,0,3,3,0,0,30,30,10,10
20181128,18,11,15,12,17,16,0,0,0,0,0,0,0,0,10,20,10,10
20181129,16,12,13,13,15,13,1,1,0,0,1,1,0,0,30,30,10,20
20181130,16,10,13,11,15,14,0,0,0,0,0,0,0,0,10,20,10,10
20181201,18,9,13,10,17,13,0,0,0,0,0,0,0,0,10,20,10,10
20181202,12,9,11,10,12,11,0,0,0,0,0,0,0,0,20,20,20,20
20181203,16,9,13,11,15,14,0,0,0,0,0,0,0,0,20,20,20,20
20181204,23,12,18,14,21,21,16,1,0,15,5,1,0,4,30,30,10,30
20181205,21,15,18,18,19,16,0,0,0,0,0,0,0,0,10,20,10,10
20181206,15,9,11,11,10,11,20,17,2,1,8,6,1,1,30,30,30,30
20181207,18,11,14,12,17,14,0,0,0,0,0,0,0,0,10,20,10,10
20181208,13,9,10,10,11,10,0,0,0,0,0,0,0,0,20,20,20,20
20181209,10,6,8,8,9,7,0,0,0,0,0,0,0,0,20,20,20,20
20181210,10,6,7,6,8,7,0,0,0,0,0,0,0,0,20,20,20,20
20181211,7,3,5,4,7,5,7,0,0,7,5,0,0,5,30,20,20,30
20181212,11,4,7,5,9,9,20,19,1,0,9,8,1,0,30,30,30,20
20181213,10,6,8,7,9,8,0,0,0,0,0,0,0,0,20,20,20,20
20181214,11,4,7,6,9,6,0,0,0,0,0,0,0,0,20,20,10,20
20181215,10,5,7,6,9,6,0,0,0,0,0,0,0,0,10,20,10,10
20181216,7,2,5,4,6,5,1,0,1,0,2,0,2,0,30,20,30,10
20181217,12,4,8,6,9,9,5,5,0,0,5,5,0,0,30,30,10,10
20181218,13,6,9,8,12,9,0,0,0,0,0,0,0,0,10,20,10,10
20181219,14,5,10,7,13,10,0,0,0,0,0,0,0,0,10,20,10,10
20181220,14,6,10,8,13,10,0,0,0,0,0,0,0,0,10,20,10,10
20181221,14,5,10,7,13,11,0,0,0,0,0,0,0,0,10,20,10,10
20181222,12,9,10,10,10,11,2,0,1,1,2,0,1,1,30,20,30,30
20181223,13,9,11,11,11,10,3,0,3,0,3,0,3,0,30,20,30,20
20181224,12,5,9,9,10,6,0,0,0,0,0,0,0,0,20,20,10,20
20181225,10,4,7,5,9,7,0,0,0,0,0,0,0,0,10,20,10,10
20181226,12,3,8,5,11,10,0,0,0,0,0,0,0,0,10,20,10,10
20181227,14,6,9,8,12,9,0,0,0,0,0,0,0,0,10,20,10,10
20181228,9,3,5,5,8,4,0,0,0,0,0,0,0,0,10,20,10,10
20181229,11,1,5,4,9,4,0,0,0,0,0,0,0,0,20,20,10,20
20181230,10,2,5,4,9,5,0,0,0,0,0,0,0,0,10,20,10,10
20181231,9,3,6,4,8,6,0,0,0,0,0,0,0,0,20,20,10,20
20190101,11,4,7,4,10,8,0,0,0,0,0,0,0,0,10,20,10,10
20190102,12,3,7,5,10,7,0,0,0,0,0,0,0,0,10,20,10,10
20190103,11,2,6,3,10,6,0,0,0,0,0,0,0,0,10,20,10,10
20190104,10,3,7,4,9,8,0,0,0,0,0,0,0,0,10,20,10,10
20190105,15,3,8,5,13,9,0,0,0,0,0,0,0,0,10,20,10,10
20190106,7,4,6,5,6,5,0,0,0,0,0,0,0,0,20,20,20,20
20190107,12,3,7,4,10,7,0,0,0,0,0,0,0,0,10,20,10,10
20190108,12,2,6,3,9,8,0,0,0,0,0,0,0,0,10,20,10,10
20190109,9,3,5,5,8,4,0,0,0,0,0,0,0,0,10,20,10,10
20190110,7,1,4,2,6,4,0,0,0,0,0,0,0,0,20,20,20,20
20190111,13,2,7,5,12,8,0,0,0,0,0,0,0,0,10,20,10,10
20190112,7,4,5,5,5,6,0,0,0,0,0,0,0,0,20,20,20,20
20190113,11,5,7,6,10,7,0,0,0,0,0,0,0,0,10,20,10,10
20190114,11,3,7,4,9,7,0,0,0,0,0,0,0,0,10,20,10,10
20190115,12,2,7,4,7,10,1,0,1,0,1,0,1,0,30,20,30,10
20190116,12,4,8,7,10,7,0,0,0,0,0,0,0,0,20,20,10,20
20190117,12,4,8,5,11,8,0,0,0,0,0,0,0,0,10,20,10,10
20190118,11,3,6,5,9,6,0,0,0,0,0,0,0,0,10,20,10,10
20190119,12,3,7,5,11,8,0,0,0,0,0,0,0,0,10,20,10,10
20190120,16,3,8,5,12,10,0,0,0,0,0,0,0,0,10,20,10,10
20190121,11,3,7,5,9,7,0,0,0,0,0,0,0,0,10,20,10,10
20190122,11,2,6,4,10,6,0,0,0,0,0,0,0,0,10,20,10,10
20190123,12,3,8,4,10,10,0,0,0,0,0,0,0,0,10,20,10,10
20190124,11,5,7,6,10,6,0,0,0,0,0,0,0,0,10,20,10,10
20190125,8,3,6,5,7,7,0,0,0,0,0,0,0,0,20,20,20,20
20190126,10,2,5,4,8,4,0,0,0,0,0,0,0,0,20,20,10,20
20190127,10,2,6,3,9,6,0,0,0,0,0,0,0,0,10,20,10,10
20190128,13,2,8,4,12,9,0,0,0,0,0,0,0,0,10,20,10,10
20190129,11,4,7,6,10,6,0,0,0,0,0,0,0,0,10,20,10,10
20190130,10,3,6,4,8,8,0,0,0,0,0,0,0,0,10,20,10,10
20190131,11,2,6,4,9,5,14,0,1,13,7,0,1,6,30,20,30,30
20190201,9,3,5,4,8,4,0,0,0,0,0,0,0,0,10,20,10,10
20190202,13,1,7,3,12,9,0,0,0,0,0,0,0,0,10,20,10,10
20190203,14,4,10,5,12,13,0,0,0,0,0,0,0,0,10,20,10,10
20190204,21,7,14,15,18,10,0,0,0,0,0,0,0,0,10,20,10,10
20190205,8,6,7,6,8,8,0,0,0,0,0,0,0,0,20,20,20,20
20190206,8,5,7,6,7,7,6,1,5,0,6,1,5,0,30,30,30,20
20190207,17,5,11,6,16,15,0,0,0,0,0,0,0,0,10,20,10,10
20190208,12,4,6,7,7,5,0,0,0,0,0,0,0,0,20,20,20,20
20190209,4,0,1,2,1,1,3,1,1,1,4,1,1,2,40,40,40,40
20190210,8,1,4,2,7,5,0,0,0,0,0,0,0,0,10,20,10,10
20190211,5,2,4,3,4,5,0,0,0,0,0,0,0,0,20,20,20,20
20190212,10,2,6,4,9,7,0,0,0,0,0,0,0,0,20,20,20,20
20190213,9,4,6,4,7,7,0,0,0,0,0,0,0,0,20,20,10,20
20190214,8,3,5,4,7,5,0,0,0,0,0,0,0,0,10,20,10,10
20190215,5,1,3,2,3,5,1,0,1,0,1,0,1,0,40,20,40,10
20190216,11,3,7,4,10,8,0,0,0,0,0,0,0,0,20,20,10,20
20190217,12,5,7,5,9,7,0,0,0,0,0,0,0,0,10,20,10,10
20190218,14,3,9,5,12,10,0,0,0,0,0,0,0,0,10,20,10,10
20190219,13,7,10,8,12,11,2,0,0,2,3,0,0,3,30,20,20,30
20190220,19,7,12,9,16,13,6,0,0,6,2,0,0,2,30,20,10,30
20190221,15,8,11,9,13,11,1,1,0,0,1,1,0,0,30,30,10,20
20190222,14,6,10,8,12,11,0,0,0,0,0,0,0,0,20,20,10,20
20190223,15,7,9,9,13,8,0,0,0,0,0,0,0,0,10,20,10,10
20190224,14,5,10,7,12,12,0,0,0,0,0,0,0,0,20,20,10,20
20190225,18,11,14,12,16,13,0,0,0,0,0,0,0,0,20,20,10,10
20190226,12,9,11,11,11,9,0,0,0,0,0,0,0,0,20,20,20,10
20190227,11,6,8,7,9,9,3,0,0,3,3,0,0,3,30,20,20,30
20190228,8,6,7,7,7,8,31,2,19,10,13,3,6,4,30,30,30,30
20190301,12,7,9,8,11,10,4,3,1,0,6,5,1,0,30,30,30,20
20190302,15,8,10,9,13,10,0,0,0,0,0,0,0,0,10,20,10,10
20190303,10,5,7,8,6,6,11,3,6,2,12,3,6,3,30,30,30,30
20190304,10,6,8,8,9,7,20,12,6,2,18,10,5,3,30,30,30,30
20190305,14,6,10,7,13,11,1,1,0,0,1,1,0,0,30,30,10,10
20190306,14,10,12,10,13,13,3,0,0,3,2,0,0,2,30,20,20,30
20190307,11,6,9,9,10,7,23,11,3,9,17,10,3,4,30,30,30,30
20190308,13,5,8,6,11,8,0,0,0,0,0,0,0,0,10,20,10,10
20190309,17,5,11,7,15,13,0,0,0,0,0,0,0,0,10,20,10,10
20190310,16,10,13,12,15,13,7,0,0,7,3,0,0,3,30,20,20,30
20190311,18,10,13,11,15,14,29,29,0,0,8,8,0,0,30,30,10,10
20190312,18,8,13,10,16,14,0,0,0,0,0,0,0,0,10,20,10,10
20190313,18,7,12,11,17,11,0,0,0,0,0,0,0,0,10,20,10,10
20190314,13,5,9,7,12,10,0,0,0,0,0,0,0,0,10,20,10,10
20190315,15,6,10,7,13,12,0,0,0,0,0,0,0,0,20,20,10,20
20190316,14,7,10,9,12,9,0,0,0,0,0,0,0,0,20,20,10,20
20190317,16,6,10,7,14,10,0,0,0,0,0,0,0,0,20,20,10,20
20190318,16,6,11,8,13,12,0,0,0,0,0,0,0,0,10,20,10,10
20190319,19,9,14,11,17,14,0,0,0,0,0,0,0,0,20,20,10,20
20190320,21,10,15,12,19,16,0,0,0,0,0,0,0,0,10,20,10,10
20190321,21,14,17,15,19,18,0,0,0,0,0,0,0,0,20,20,10,10
20190322,22,9,17,18,20,13,0,0,0,0,0,0,0,0,20,20,10,20
20190323,10,4,7,7,6,7,2,1,0,1,2,1,0,1,30,30,20,30
20190324,14,2,9,5,12,10,0,0,0,0,0,0,0,0,10,20,10,10
20190325,16,5,11,7,14,13,0,0,0,0,0,0,0,0,20,20,10,20
20190326,14,9,11,11,12,12,2,1,1,0,3,1,2,0,30,30,30,10
20190327,19,8,14,11,18,16,0,0,0,0,0,0,0,0,10,20,10,10
20190328,17,10,14,15,15,11,0,0,0,0,0,0,0,0,20,20,10,20
20190329,10,7,8,8,8,8,0,0,0,0,0,0,0,0,20,20,20,20
20190330,13,8,10,8,11,10,4,0,0,4,3,0,0,3,30,20,20,30
20190331,16,8,11,9,14,12,1,1,0,0,1,1,0,0,30,30,10,10
20190401,15,5,8,9,10,7,3,0,1,2,3,0,2,1,30,10,30,30
20190402,13,4,8,6,11,7,0,0,0,0,0,0,0,0,20,10,10,20
20190403,14,4,9,6,13,9,0,0,0,0,0,0,0,0,10,10,10,10
20190404,17,6,11,8,15,13,0,0,0,0,0,0,0,0,10,20,10,10
20190405,22,9,16,13,20,17,0,0,0,0,0,0,0,0,10,20,10,10
20190406,21,12,16,14,19,16,0,0,0,0,0,0,0,0,10,20,10,10
20190407,20,11,16,13,18,17,0,0,0,0,0,0,0,0,10,20,10,10
20190408,15,8,10,11,10,9,12,12,0,0,5,5,0,0,30,30,20,20
20190409,18,6,11,9,16,12,0,0,0,0,0,0,0,0,20,10,10,20
20190410,11,4,6,8,5,4,27,13,11,3,17,6,6,5,30,30,30,30
20190411,16,5,11,8,15,11,0,0,0,0,0,0,0,0,20,10,10,20
20190412,11,8,9,9,10,9,0,0,0,0,0,0,0,0,20,20,20,20
20190413,18,7,12,9,16,13,0,0,0,0,0,0,0,0,10,10,10,10
20190414,19,11,15,14,17,15,0,0,0,0,0,0,0,0,20,20,20,20
20190415,22,13,16,14,20,16,10,10,0,0,6,6,0,0,30,30,10,10
20190416,21,11,15,13,19,16,0,0,0,0,0,0,0,0,10,10,10,10
20190417,19,12,16,14,18,16,0,0,0,0,0,0,0,0,20,20,20,20
20190418,22,14,17,15,21,17,0,0,0,0,0,0,0,0,10,20,10,10
20190419,24,15,19,17,22,18,0,0,0,0,0,0,0,0,20,20,10,20
20190420,19,11,15,13,17,15,0,0,0,0,0,0,0,0,10,10,10,10
20190421,22,13,18,15,20,19,0,0,0,0,0,0,0,0,10,20,10,10
20190422,25,16,19,18,23,19,0,0,0,0,0,0,0,0,20,20,10,20
20190423,23,17,19,18,21,19,0,0,0,0,0,0,0,0,20,20,10,20
20190424,22,18,19,19,20,19,1,0,0,1,1,0,0,1,30,20,20,30
20190425,24,18,20,19,22,21,6,6,0,0,7,7,0,0,30,30,20,10
20190426,20,10,12,14,11,10,5,4,1,0,4,3,1,0,30,30,30,20
20190427,13,8,10,10,11,10,13,11,2,0,8,5,3,0,30,30,30,10
20190428,19,7,13,10,17,13,0,0,0,0,0,0,0,0,20,10,10,20
20190429,18,12,15,14,17,15,0,0,0,0,0,0,0,0,20,20,20,20
20190430,19,13,15,14,18,15,20,14,0,6,15,9,0,6,30,30,20,30
20190501,23,14,17,16,21,17,19,4,0,15,13,5,0,8,30,30,10,30
20190502,22,15,18,16,20,19,2,1,1,0,3,2,1,0,30,30,30,10
20190503,25,13,18,16,22,18,0,0,0,0,0,0,0,0,20,10,10,20
20190504,24,14,18,17,22,15,11,0,0,11,2,0,0,2,30,20,10,30
20190505,25,13,19,16,23,19,0,0,0,0,0,0,0,0,10,10,10,10
20190506,24,16,19,17,21,18,2,2,0,0,3,3,0,0,30,30,20,20
20190507,20,12,16,15,18,15,0,0,0,0,0,0,0,0,20,20,10,20
20190508,22,10,17,13,20,18,0,0,0,0,0,0,0,0,10,10,10,10
20190509,21,16,19,18,20,18,0,0,0,0,0,0,0,0,20,20,20,20
20190510,26,15,20,18,24,19,0,0,0,0,0,0,0,0,20,10,10,20
20190511,28,16,21,18,25,20,0,0,0,0,0,0,0,0,10,20,10,10
20190512,22,16,18,17,21,17,0,0,0,0,0,0,0,0,20,20,10,20
20190513,23,15,18,16,21,19,2,0,0,2,1,0,0,1,30,20,10,30
20190514,18,15,17,18,18,16,10,6,3,1,9,4,3,2,30,30,30,30
20190515,22,15,18,16,21,18,0,0,0,0,0,0,0,0,10,20,10,10
20190516,26,17,20,19,24,20,0,0,0,0,0,0,0,0,10,10,10,10
20190517,26,14,20,17,24,19,0,0,0,0,0,0,0,0,10,10,10,10
20190518,24,15,19,18,23,19,0,0,0,0,0,0,0,0,20,20,10,20
20190519,25,18,20,20,23,19,0,0,0,0,0,0,0,0,10,20,10,10
20190520,25,17,20,19,23,20,1,0,0,1,1,0,0,1,30,20,10,30
20190521,22,17,20,20,21,19,94,38,55,1,16,9,6,1,30,30,30,30
20190522,24,16,20,18,23,19,0,0,0,0,0,0,0,0,10,10,10,10
20190523,27,16,21,19,26,21,0,0,0,0,0,0,0,0,10,20,10,10
20190524,29,18,22,20,27,22,0,0,0,0,0,0,0,0,10,10,10,10
20190525,31,18,24,21,29,23,0,0,0,0,0,0,0,0,10,10,10,10
20190526,31,20,24,22,29,23,0,0,0,0,0,0,0,0,10,10,10,20
20190527,31,20,25,23,30,25,0,0,0,0,0,0,0,0,10,10,10,10
20190528,26,19,22,23,23,20,4,0,1,3,5,0,1,4,30,20,30,30
20190529,26,18,20,19,23,19,11,11,0,0,4,4,0,0,30,30,10,20
20190530,26,18,21,20,24,21,0,0,0,0,0,0,0,0,10,10,10,10
20190531,24,20,21,21,22,21,0,0,0,0,0,0,0,0,20,20,20,20
20190601,26,19,22,20,25,22,0,0,0,0,0,0,0,0,20,20,10,20
20190602,24,20,22,21,24,22,0,0,0,0,0,0,0,0,20,20,20,20
20190603,26,20,22,21,25,22,0,0,0,0,0,0,0,0,10,20,10,10
20190604,27,19,22,21,26,22,0,0,0,0,0,0,0,0,20,20,10,20
20190605,25,20,22,21,24,22,0,0,0,0,0,0,0,0,20,20,20,10
20190606,31,20,25,22,29,24,0,0,0,0,0,0,0,0,10,20,10,10
20190607,24,19,21,22,21,19,22,0,11,11,8,0,5,3,30,20,30,30
20190608,25,19,21,20,23,21,2,2,0,0,2,2,0,0,30,30,20,20
20190609,20,16,18,18,19,17,12,3,0,9,10,4,0,6,30,30,20,30
20190610,17,15,16,17,17,16,93,19,26,48,23,10,6,7,30,30,30,30
20190611,24,15,19,17,22,18,3,1,0,2,4,1,0,3,30,30,10,30
20190612,23,15,18,17,21,18,4,4,0,0,2,2,0,0,30,30,10,20
20190613,26,16,21,18,25,22,0,0,0,0,0,0,0,0,10,10,10,10
20190614,26,19,22,21,25,21,0,0,0,0,0,0,0,0,20,10,10,20
20190615,20,16,17,18,17,17,47,23,22,2,16,9,6,1,30,30,30,30
20190616,29,17,23,20,28,24,8,8,0,0,2,2,0,0,30,30,10,10
20190617,29,19,24,22,27,23,0,0,0,0,0,0,0,0,10,10,10,10
20190618,28,20,23,22,26,23,0,0,0,0,0,0,0,0,20,10,10,20
20190619,29,20,24,21,27,24,0,0,0,0,0,0,0,0,10,20,10,10
20190620,28,21,24,22,27,23,0,0,0,0,0,0,0,0,10,20,10,10
20190621,30,22,24,23,27,24,0,0,0,0,0,0,0,0,20,20,10,20
20190622,24,21,22,23,22,22,6,0,6,0,4,0,4,0,30,20,30,20
20190623,23,21,22,21,22,21,0,0,0,0,0,0,0,0,20,20,20,20
20190624,22,19,20,19,20,20,49,38,11,0,14,10,4,0,30,30,30,20
20190625,27,18,22,20,25,23,0,0,0,0,0,0,0,0,10,20,10,10
20190626,29,21,24,22,28,25,0,0,0,0,0,0,0,0,10,10,10,10
20190627,28,23,25,25,27,25,2,0,0,2,3,0,0,3,30,10,20,30
20190628,31,22,26,24,29,25,7,7,0,0,3,3,0,0,30,30,10,10
20190629,22,20,21,20,21,21,7,3,2,2,8,1,4,3,30,30,30,30
20190630,29,21,24,21,27,24,17,14,1,2,9,6,1,2,30,30,30,30
20190701,26,22,23,23,24,24,2,2,0,0,2,2,0,0,30,30,20,20
20190702,27,23,24,23,26,24,1,1,0,0,1,1,0,0,30,30,20,20
20190703,29,23,25,24,27,25,1,0,0,1,1,0,0,1,30,20,20,30
20190704,25,21,23,24,23,22,28,25,3,0,10,6,4,0,30,30,30,20
20190705,25,20,22,21,24,22,6,0,0,6,3,0,0,3,30,20,20,30
20190706,23,20,21,20,22,22,19,18,0,1,7,6,0,1,30,30,20,30
20190707,21,18,19,19,20,19,16,9,2,5,16,8,2,6,30,30,30,30
20190708,24,18,20,19,23,21,0,0,0,0,0,0,0,0,20,20,10,20
20190709,22,19,20,20,21,20,0,0,0,0,0,0,0,0,20,20,20,20
20190710,26,19,22,20,25,21,0,0,0,0,0,0,0,0,20,20,10,20
20190711,25,18,21,20,23,19,2,0,0,2,2,0,0,2,30,20,20,30
20190712,22,18,20,19,21,21,11,9,2,0,10,7,3,0,30,30,30,20
20190713,27,21,23,22,25,23,2,0,1,1,3,0,1,2,30,20,30,30
20190714,23,20,21,21,22,22,30,28,1,1,10,8,1,1,30,30,30,30
20190715,24,20,21,20,23,22,8,4,0,4,8,7,0,1,30,30,20,30
20190716,22,19,21,20,21,21,34,22,7,5,18,10,4,4,30,30,30,30
20190717,28,21,24,21,26,25,1,1,0,0,1,1,0,0,30,30,10,20
20190718,31,22,26,24,29,26,7,0,0,7,3,0,0,3,30,20,10,30
20190719,31,24,27,25,29,28,1,1,0,0,2,2,0,0,30,30,10,20
20190720,29,25,27,26,28,26,0,0,0,0,0,0,0,0,20,20,20,20
20190721,29,24,26,25,27,25,0,0,0,0,0,0,0,0,20,20,20,20
20190722,25,23,24,23,24,24,1,0,0,1,1,0,0,1,30,20,20,30
20190723,30,23,25,23,28,26,1,1,0,0,2,2,0,0,30,30,10,10
20190724,32,24,27,25,30,27,0,0,0,0,0,0,0,0,10,20,10,10
20190725,33,25,28,27,31,28,0,0,0,0,0,0,0,0,20,20,10,20
20190726,33,26,28,28,31,27,2,0,0,2,2,0,0,2,30,10,10,30
20190727,31,25,28,27,30,28,8,7,1,0,4,3,1,0,30,30,30,10
20190728,32,25,28,26,31,28,5,5,0,0,4,4,0,0,30,30,10,20
20190729,33,26,29,28,31,28,0,0,0,0,0,0,0,0,10,20,10,10
20190730,33,26,29,28,32,28,0,0,0,0,0,0,0,0,10,20,10,10
20190731,34,27,29,28,33,28,0,0,0,0,0,0,0,0,10,10,10,10
20190801,35,27,30,29,33,29,0,0,0,0,0,0,0,0,10,10,10,10
20190802,35,27,30,29,33,29,0,0,0,0,0,0,0,0,10,10,10,10
20190803,34,26,29,28,32,28,0,0,0,0,0,0,0,0,10,10,10,10
20190804,34,26,29,27,33,29,0,0,0,0,0,0,0,0,10,10,10,10
20190805,34,26,30,28,33,29,0,0,0,0,0,0,0,0,10,10,10,10
20190806,35,27,30,28,33,29,0,0,0,0,0,0,0,0,10,20,10,10
20190807,34,27,29,29,32,28,0,0,0,0,0,0,0,0,20,10,10,20
20190808,34,26,29,28,32,28,0,0,0,0,0,0,0,0,10,10,10,10
20190809,35,27,30,28,33,28,0,0,0,0,0,0,0,0,10,10,10,10
20190810,34,26,29,28,32,29,0,0,0,0,0,0,0,0,10,20,10,10
20190811,36,26,30,28,34,29,0,0,0,0,0,0,0,0,10,10,10,10
20190812,34,26,29,27,31,29,0,0,0,0,0,0,0,0,10,20,10,10
20190813,34,26,29,28,31,29,4,3,1,0,3,2,1,0,30,30,30,10
20190814,33,27,29,28,31,29,6,5,1,0,4,2,2,0,30,30,30,10
20190815,32,26,29,29,30,28,10,3,0,7,3,2,0,1,30,30,20,30
20190816,31,28,29,28,29,28,0,0,0,0,0,0,0,0,20,20,10,10
20190817,34,27,30,29,33,29,0,0,0,0,0,0,0,0,10,10,10,10
20190818,35,27,30,29,33,30,0,0,0,0,0,0,0,0,20,20,10,20
20190819,33,27,29,28,31,28,0,0,0,0,0,0,0,0,20,20,20,20
20190820,34,26,28,27,31,28,1,1,0,0,1,1,0,0,30,30,10,20
20190821,33,25,28,27,31,28,0,0,0,0,0,0,0,0,20,20,10,20
20190822,31,25,27,26,29,28,0,0,0,0,0,0,0,0,20,20,20,20
20190823,30,24,27,27,28,26,6,2,3,1,4,2,1,1,30,30,30,30
20190824,31,25,27,26,30,27,0,0,0,0,0,0,0,0,20,20,10,20
20190825,31,23,26,24,29,26,1,1,0,0,1,1,0,0,30,30,10,10
20190826,30,23,25,24,28,25,27,26,0,1,4,3,0,1,30,30,10,30
20190827,29,23,25,24,28,25,3,2,0,1,4,2,0,2,30,30,10,30
20190828,28,23,26,25,26,27,16,8,8,0,11,6,5,0,30,30,30,20
20190829,33,27,29,28,31,28,1,1,0,0,1,1,0,0,30,30,10,20
20190830,28,24,26,26,26,26,17,14,3,0,6,4,2,0,30,30,30,20
20190831,32,25,28,26,31,28,0,0,0,0,0,0,0,0,20,20,10,20
20190901,32,25,28,27,31,27,0,0,0,0,0,0,0,0,10,20,10,10
20190902,33,25,28,26,32,28,0,0,0,0,0,0,0,0,10,10,10,10
20190903,31,24,26,26,28,25,42,0,9,33,4,0,1,3,30,20,30,30
20190904,27,22,24,23,26,24,1,0,0,1,1,0,0,1,30,20,20,30
20190905,30,24,26,24,29,27,0,0,0,0,0,0,0,0,10,20,10,10
20190906,33,24,28,26,32,28,0,0,0,0,0,0,0,0,10,20,10,10
20190907,33,26,29,27,32,28,0,0,0,0,0,0,0,0,20,20,10,20
20190908,32,26,28,28,31,28,21,0,4,17,8,0,3,5,30,20,30,30
20190909,36,26,29,27,34,28,90,90,0,0,6,6,0,0,30,30,10,10
20190910,34,27,30,28,33,29,0,0,0,0,0,0,0,0,10,20,10,10
20190911,32,26,28,27,31,28,0,0,0,0,0,0,0,0,20,20,10,20
20190912,28,24,26,27,26,24,0,0,0,0,0,0,0,0,20,20,20,20
20190913,25,22,23,23,24,23,0,0,0,0,0,0,0,0,20,20,20,20
20190914,25,20,23,21,24,24,0,0,0,0,0,0,0,0,20,20,20,20
20190915,31,22,26,23,29,26,4,0,0,4,1,0,0,1,30,20,10,30
20190916,25,22,23,22,23,24,24,20,4,0,12,7,5,0,30,30,30,20
20190917,31,23,26,25,30,25,0,0,0,0,0,0,0,0,10,20,10,10
20190918,24,19,21,23,21,20,17,5,9,3,8,1,4,3,30,30,30,30
20190919,27,20,23,21,26,22,0,0,0,0,0,0,0,0,10,20,10,10
20190920,27,20,23,22,26,23,0,0,0,0,0,0,0,0,20,20,10,20
20190921,25,22,23,22,24,22,0,0,0,0,0,0,0,0,20,20,20,20
20190922,27,20,23,21,26,22,18,0,0,18,6,0,0,6,30,20,20,30
20190923,30,21,26,23,29,27,2,2,0,0,3,3,0,0,30,30,10,10
20190924,31,24,26,26,28,25,0,0,0,0,0,0,0,0,20,20,20,20
20190925,28,22,25,24,27,24,0,0,0,0,0,0,0,0,10,20,10,10
20190926,27,21,23,22,26,22,0,0,0,0,0,0,0,0,10,20,10,10
20190927,29,18,23,21,27,23,0,0,0,0,0,0,0,0,20,20,10,20
20190928,28,18,23,21,26,24,0,0,0,0,0,0,0,0,20,20,20,20
20190929,28,22,24,23,26,25,0,0,0,0,0,0,0,0,20,20,20,10
20190930,29,23,25,24,28,24,0,0,0,0,0,0,0,0,20,20,10,20
20191001,29,22,25,23,28,24,0,0,0,0,0,0,0,0,10,20,10,10
20191002,29,21,24,22,28,23,0,0,0,0,0,0,0,0,10,20,10,10
20191003,28,22,25,23,27,25,0,0,0,0,0,0,0,0,20,20,10,20
20191004,29,23,25,24,28,25,8,8,0,0,2,2,0,0,30,30,10,10
20191005,31,22,26,24,29,24,0,0,0,0,0,0,0,0,10,20,10,10
20191006,24,20,21,23,21,20,1,1,0,0,1,1,0,0,30,30,20,20
20191007,25,18,21,20,23,20,6,0,0,6,4,0,0,4,30,20,20,30
20191008,28,18,23,20,26,24,4,4,0,0,4,4,0,0,30,30,10,10
20191009,25,19,21,21,24,20,0,0,0,0,0,0,0,0,10,20,10,10
20191010,25,16,20,18,23,19,13,0,0,13,4,0,0,4,30,20,20,30
20191011,22,17,20,18,21,22,17,2,3,12,8,1,2,5,30,30,30,30
20191012,25,22,24,23,25,24,193,99,50,44,21,9,6,6,30,30,30,30
20191013,29,21,25,25,28,23,0,0,0,0,0,0,0,0,10,20,10,10
20191014,21,15,17,18,17,16,8,1,2,5,6,1,2,3,30,30,30,30
20191015,22,16,19,18,20,18,1,1,0,0,1,1,0,0,30,30,20,20
20191016,19,14,17,16,17,17,0,0,0,0,0,0,0,0,20,20,20,20
20191017,18,16,17,16,17,16,1,0,0,1,2,0,0,2,30,20,20,30
20191018,18,15,17,16,18,16,6,3,0,3,7,3,0,4,30,30,20,30
20191019,22,15,18,16,20,20,44,43,0,1,9,8,0,1,30,30,20,30
20191020,24,19,21,20,23,21,0,0,0,0,0,0,0,0,10,20,10,10
20191021,21,15,19,19,20,17,11,0,0,11,4,0,0,4,30,20,20,30
20191022,18,14,16,15,16,17,49,45,4,0,11,8,3,0,30,30,30,20
20191023,24,13,19,16,22,20,0,0,0,0,0,0,0,0,10,20,10,10
20191024,21,16,19,19,20,17,0,0,0,0,0,0,0,0,20,20,20,20
20191025,17,14,15,15,15,15,85,39,43,3,15,7,5,3,30,30,30,30
20191026,24,14,19,16,23,20,0,0,0,0,0,0,0,0,20,20,10,20
20191027,22,17,19,18,21,18,0,0,0,0,0,0,0,0,10,20,10,10
20191028,21,16,18,17,20,17,0,0,0,0,0,0,0,0,10,20,10,10
20191029,17,14,15,16,15,15,12,1,10,1,8,1,6,1,30,30,30,30
20191030,22,13,17,14,21,17,0,0,0,0,0,0,0,0,10,20,10,10
20191031,21,15,17,16,20,17,0,0,0,0,0,0,0,0,10,20,10,10
20191101,22,13,18,15,21,18,0,0,0,0,0,0,0,0,10,20,10,10
20191102,19,14,17,15,19,17,0,0,0,0,0,0,0,0,10,20,10,10
20191103,19,14,16,15,18,17,0,0,0,0,0,0,0,0,20,20,20,20
20191104,20,13,16,15,19,15,0,0,0,0,0,0,0,0,10,20,10,10
20191105,19,11,15,13,18,15,0,0,0,0,0,0,0,0,10,20,10,10
20191106,21,10,15,13,19,16,0,0,0,0,0,0,0,0,10,20,10,10
20191107,23,11,17,13,21,18,0,0,0,0,0,0,0,0,20,20,10,20
20191108,19,14,16,15,18,15,0,0,0,0,0,0,0,0,10,20,10,10
20191109,18,13,14,13,16,14,0,0,0,0,0,0,0,0,10,20,10,10
20191110,19,10,15,12,18,16,0,0,0,0,0,0,0,0,10,20,10,10
20191111,18,11,14,13,17,13,13,10,0,3,5,3,0,2,30,30,10,30
20191112,22,11,16,13,21,16,0,0,0,0,0,0,0,0,10,20,10,10
20191113,17,13,15,14,15,14,1,0,1,0,1,0,1,0,30,20,30,10
20191114,24,13,18,19,21,15,1,1,0,0,1,1,0,0,30,30,10,10
20191115,18,11,14,13,16,14,0,0,0,0,0,0,0,0,10,20,10,10
20191116,19,10,14,12,18,15,0,0,0,0,0,0,0,0,10,20,10,10
20191117,20,11,14,12,18,14,0,0,0,0,0,0,0,0,10,20,10,10
20191118,22,10,17,12,20,20,0,0,0,0,0,0,0,0,10,20,10,10
20191119,22,11,17,16,21,14,6,6,0,0,4,4,0,0,30,30,10,10
20191120,17,8,11,10,14,10,0,0,0,0,0,0,0,0,10,20,10,10
20191121,16,9,12,10,15,13,0,0,0,0,0,0,0,0,10,20,10,10
20191122,12,7,9,9,8,9,54,3,26,25,16,2,6,8,30,30,30,30
20191123,13,10,12,11,12,13,30,21,6,3,20,10,5,5,30,30,30,30
20191124,21,13,17,15,19,19,3,3,0,0,4,4,0,0,30,30,20,20
20191125,21,14,17,17,19,16,0,0,0,0,0,0,0,0,20,20,10,10
20191126,14,8,10,10,9,10,0,0,0,0,0,0,0,0,20,20,20,20
20191127,11,8,9,8,10,11,8,3,4,1,6,3,2,1,30,30,30,30
20191128,13,6,9,11,9,7,7,1,4,2,11,2,6,3,30,30,30,30
20191129,11,4,7,5,9,7,0,0,0,0,0,0,0,0,10,20,10,10
20191130,12,4,8,6,11,9,0,0,0,0,0,0,0,0,10,20,10,10
20191201,15,6,9,7,11,12,0,0,0,0,0,0,0,0,10,20,10,10
20191202,18,8,13,11,17,13,83,2,81,0,8,2,6,0,30,30,30,20
20191203,17,10,13,12,15,12,0,0,0,0,0,0,0,0,10,20,10,10
20191204,16,6,11,9,15,11,0,0,0,0,0,0,0,0,10,20,10,10
20191205,14,7,10,8,13,11,0,0,0,0,0,0,0,0,10,20,10,10
20191206,10,7,9,9,9,8,0,0,0,0,0,0,0,0,20,20,20,20
20191207,8,4,6,6,5,6,5,2,3,0,6,2,4,0,30,30,30,20
20191208,13,4,8,6,12,9,0,0,0,0,0,0,0,0,10,20,10,10
20191209,10,5,7,6,9,7,1,0,0,1,1,0,0,1,30,20,20,30
20191210,14,7,11,8,13,12,5,5,0,0,6,6,0,0,30,30,20,20
20191211,16,10,13,11,15,13,4,0,0,4,1,0,0,1,30,20,10,30
20191212,19,9,13,11,18,11,0,0,0,0,0,0,0,0,10,20,10,10
20191213,10,7,8,8,9,8,0,0,0,0,0,0,0,0,20,20,20,10
20191214,17,5,10,6,15,12,0,0,0,0,0,0,0,0,10,20,10,10
20191215,13,7,10,9,12,9,0,0,0,0,0,0,0,0,10,20,10,10
20191216,13,4,9,5,12,11,0,0,0,0,0,0,0,0,10,20,10,10
20191217,11,7,9,8,10,10,4,4,0,0,4,4,0,0,30,30,20,20
20191218,18,8,13,9,17,13,1,0,0,1,1,0,0,1,30,20,10,30
20191219,12,8,10,10,9,9,0,0,0,0,0,0,0,0,20,20,20,20
20191220,15,8,11,8,14,12,0,0,0,0,0,0,0,0,10,20,10,10
20191221,10,7,9,9,9,8,0,0,0,0,0,0,0,0,20,20,20,20
20191222,9,6,7,7,8,7,25,0,1,24,9,0,1,8,30,20,30,30
20191223,12,4,7,5,10,8,9,9,0,0,5,5,0,0,30,30,10,10
20191224,13,6,9,8,11,7,0,0,0,0,0,0,0,0,20,20,10,20
20191225,11,5,7,6,8,7,0,0,0,0,0,0,0,0,20,20,20,10
20191226,12,6,9,7,11,10,0,0,0,0,0,0,0,0,20,20,20,20
20191227,15,6,9,9,12,7,0,0,0,0,0,0,0,0,10,20,10,10
20191228,11,5,7,6,10,7,0,0,0,0,0,0,0,0,10,20,10,10
20191229,11,5,8,6,10,9,0,0,0,0,0,0,0,0,20,20,10,20
20191230,15,6,8,7,8,10,1,0,1,0,1,0,1,0,30,20,30,20
20191231,20,5,10,9,17,6,0,0,0,0,0,0,0,0,20,20,10,20
20200101,10,4,7,5,9,7,0,0,0,0,0,0,0,0,10,20,10,10
20200102,11,3,7,5,10,8,0,0,0,0,0,0,0,0,10,20,10,10
20200103,12,3,7,5,10,8,0,0,0,0,0,0,0,0,10,20,10,10
20200104,13,4,8,6,11,9,0,0,0,0,0,0,0,0,20,20,10,20
20200105,11,3,6,5,10,6,0,0,0,0,0,0,0,0,10,20,10,10
20200106,13,4,8,5,11,9,0,0,0,0,0,0,0,0,20,20,10,20
20200107,8,4,7,7,8,6,2,0,0,2,3,0,0,3,30,20,20,30
20200108,9,4,6,5,6,7,22,2,20,0,5,2,3,0,30,30,30,10
20200109,15,6,11,10,14,11,0,0,0,0,0,0,0,0,10,20,10,10
20200110,12,6,9,8,11,9,0,0,0,0,0,0,0,0,10,20,10,10
20200111,11,6,8,7,10,8,0,0,0,0,0,0,0,0,10,20,10,10
20200112,11,5,8,6,10,8,0,0,0,0,0,0,0,0,20,20,20,20
20200113,13,5,9,7,12,10,0,0,0,0,0,0,0,0,10,20,10,10
20200114,13,6,9,7,12,10,0,0,0,0,0,0,0,0,10,20,10,10
20200115,10,6,8,7,9,8,12,12,0,0,5,5,0,0,30,30,10,10
20200116,10,5,8,6,9,8,0,0,0,0,0,0,0,0,20,20,10,20
20200117,11,5,8,6,9,9,0,0,0,0,0,0,0,0,20,20,10,20
20200118,7,2,4,5,2,4,14,9,3,2,15,6,5,4,40,30,40,30
20200119,10,3,7,5,9,9,0,0,0,0,0,0,0,0,20,20,10,20
20200120,14,4,8,5,12,9,0,0,0,0,0,0,0,0,10,20,10,10
20200121,12,5,8,7,11,6,0,0,0,0,0,0,0,0,10,20,10,10
20200122,9,4,6,5,7,7,0,0,0,0,0,0,0,0,20,20,10,10
20200123,9,5,6,6,6,7,7,1,5,1,8,2,5,1,30,30,30,30
20200124,14,9,11,9,13,11,0,0,0,0,0,0,0,0,20,20,20,20
20200125,11,7,8,7,10,9,0,0,0,0,0,0,0,0,20,20,10,20
20200126,9,3,6,5,6,6,9,8,1,0,8,7,1,0,30,30,30,20
20200127,8,2,5,6,7,5,8,0,0,8,5,0,0,5,40,20,20,40
20200128,7,1,5,3,5,7,32,9,2,21,20,10,2,8,40,40,30,30
20200129,19,7,13,9,17,14,23,23,0,0,4,4,0,0,30,30,10,10
20200130,18,9,13,11,16,12,0,0,0,0,0,0,0,0,10,20,10,10
20200131,12,7,9,9,11,7,0,0,0,0,0,0,0,0,10,20,10,10
20200201,13,5,9,7,12,8,0,0,0,0,0,0,0,0,10,20,10,10
20200202,14,5,9,7,12,9,0,0,0,0,0,0,0,0,10,20,10,10
20200203,16,6,10,7,13,11,0,0,0,0,0,0,0,0,20,20,10,20
20200204,11,6,9,8,10,9,0,0,0,0,0,0,0,0,20,20,20,20
20200205,15,4,8,6,14,7,0,0,0,0,0,0,0,0,10,20,10,10
20200206,7,1,3,3,6,2,0,0,0,0,0,0,0,0,10,20,10,10
20200207,7,0,3,1,5,5,0,0,0,0,0,0,0,0,10,20,10,10
20200208,12,2,7,3,11,8,0,0,0,0,0,0,0,0,10,20,10,10
20200209,8,2,4,3,7,4,0,0,0,0,0,0,0,0,10,20,10,10
20200210,9,2,5,3,8,7,0,0,0,0,0,0,0,0,10,20,10,10
20200211,11,4,7,5,10,8,0,0,0,0,0,0,0,0,10,20,10,10
20200212,16,3,10,5,14,14,0,0,0,0,0,0,0,0,10,20,10,10
20200213,17,7,13,13,13,13,7,7,0,0,2,2,0,0,30,30,10,10
20200214,16,9,12,11,14,12,0,0,0,0,0,0,0,0,20,20,20,20
20200215,16,9,12,11,15,13,0,0,0,0,0,0,0,0,20,20,20,20
20200216,11,8,10,10,9,10,21,5,5,11,9,3,2,4,30,30,30,30
20200217,17,9,12,10,16,11,0,0,0,0,0,0,0,0,10,20,10,10
20200218,14,4,8,7,12,8,0,0,0,0,0,0,0,0,10,20,10,10
20200219,12,4,8,6,11,9,0,0,0,0,0,0,0,0,10,20,10,10
20200220,13,6,9,7,12,11,0,0,0,0,0,0,0,0,20,20,10,20
20200221,14,7,11,9,13,12,0,0,0,0,0,0,0,0,10,20,10,10
20200222,19,7,13,10,17,15,3,1,0,2,3,1,0,2,30,30,10,30
20200223,16,7,11,10,15,9,0,0,0,0,0,0,0,0,10,20,10,10
20200224,15,5,10,7,14,11,0,0,0,0,0,0,0,0,10,20,10,10
20200225,14,8,11,9,12,11,0,0,0,0,0,0,0,0,20,20,20,20
20200226,10,8,8,8,9,9,2,2,0,0,3,3,0,0,30,30,20,20
20200227,12,4,8,7,10,6,0,0,0,0,0,0,0,0,10,20,10,10
20200228,10,4,7,5,9,9,0,0,0,0,0,0,0,0,20,20,10,20
20200229,13,6,9,7,11,11,2,0,0,2,2,0,0,2,30,20,10,30
20200301,17,9,12,10,15,13,1,1,0,0,1,1,0,0,30,30,10,10
20200302,12,7,8,8,7,8,13,10,2,1,13,9,3,1,30,30,30,30
20200303,17,6,11,8,15,13,0,0,0,0,0,0,0,0,10,20,10,10
20200304,12,9,10,10,10,9,4,1,0,3,4,1,0,3,30,30,20,30
20200305,14,7,10,8,12,9,1,1,0,0,1,1,0,0,30,30,10,10
20200306,15,5,10,7,13,10,0,0,0,0,0,0,0,0,10,20,10,10
20200307,11,5,8,7,9,8,3,1,0,2,4,2,0,2,30,30,20,30
20200308,9,6,7,6,7,9,14,4,8,2,11,4,6,1,30,30,30,30
20200309,20,8,13,10,17,15,0,0,0,0,0,0,0,0,20,20,10,20
20200310,19,13,15,13,15,17,27,3,8,16,11,2,4,5,30,30,30,30
20200311,20,10,16,16,19,14,0,0,0,0,0,0,0,0,10,20,10,10
20200312,15,8,11,9,14,12,0,0,0,0,0,0,0,0,10,20,10,10
20200313,19,8,13,10,17,14,0,0,0,0,0,0,0,0,20,20,10,20
20200314,13,2,6,10,4,3,30,7,21,2,11,2,6,3,40,30,40,40
20200315,12,4,8,5,10,9,0,0,0,0,0,0,0,0,10,20,10,10
20200316,14,4,8,7,12,6,0,0,0,0,0,0,0,0,10,20,10,10
20200317,13,4,8,5,10,11,0,0,0,0,0,0,0,0,10,20,10,10
20200318,18,7,13,9,16,14,0,0,0,0,0,0,0,0,10,20,10,10
20200319,21,9,15,11,20,17,3,0,0,3,2,0,0,2,30,20,10,30
20200320,20,11,16,16,18,14,0,0,0,0,0,0,0,0,10,20,10,10
20200321,20,11,16,16,18,14,0,0,0,0,0,0,0,0,10,20,10,10
20200322,22,12,17,15,21,17,0,0,0,0,0,0,0,0,10,20,10,10
20200323,15,8,10,12,9,9,1,0,1,0,1,0,1,0,30,20,30,20
20200324,12,6,9,8,11,8,0,0,0,0,0,0,0,0,10,20,10,10
20200325,15,4,10,7,13,11,0,0,0,0,0,0,0,0,10,20,10,10
20200326,20,9,13,10,17,15,0,0,0,0,0,0,0,0,10,20,10,10
20200327,20,11,16,13,18,18,0,0,0,0,0,0,0,0,20,20,20,20
20200328,24,8,16,19,20,11,14,2,0,12,6,2,0,4,30,30,20,30
20200329,8,1,4,5,2,4,63,47,16,0,14,10,4,0,40,40,40,20
20200330,10,4,8,5,9,9,0,0,0,0,0,0,0,0,20,20,20,20
20200331,12,9,10,9,11,11,0,0,0,0,0,0,0,0,20,20,20,20
20200401,13,10,11,10,12,12,32,4,7,21,17,4,6,7,30,30,30,30
20200402,20,10,14,14,18,12,1,1,0,0,1,1,0,0,30,30,10,10
20200403,18,8,13,10,16,15,0,0,0,0,0,0,0,0,10,20,10,10
20200404,21,11,16,13,20,17,0,0,0,0,0,0,0,0,10,20,10,10
20200405,16,8,12,13,12,9,0,0,0,0,0,0,0,0,20,20,20,10
20200406,18,8,13,10,16,13,0,0,0,0,0,0,0,0,10,20,10,10
20200407,17,9,13,11,16,13,0,0,0,0,0,0,0,0,10,20,10,10
20200408,20,9,15,11,18,17,0,0,0,0,0,0,0,0,10,20,10,10
20200409,19,9,14,14,18,12,0,0,0,0,0,0,0,0,10,20,10,10
20200410,17,8,12,10,16,11,0,0,0,0,0,0,0,0,10,20,10,10
20200411,16,8,12,10,15,12,1,0,0,1,1,0,0,1,30,10,10,30
20200412,16,8,11,9,14,12,8,4,0,4,9,5,0,4,30,30,20,30
20200413,10,6,8,9,9,7,74,29,34,11,24,10,6,8,30,30,30,30
20200414,18,6,12,8,16,12,0,0,0,0,0,0,0,0,10,20,10,10
20200415,21,7,14,10,19,16,0,0,0,0,0,0,0,0,20,10,10,20
20200416,16,10,13,12,15,11,0,0,0,0,0,0,0,0,20,20,10,20
20200417,17,9,13,10,15,14,4,0,0,4,2,0,0,2,30,20,10,30
20200418,18,12,14,13,16,14,102,49,52,1,16,10,5,1,30,30,30,30
20200419,24,11,15,14,21,13,0,0,0,0,0,0,0,0,10,20,10,10
20200420,11,9,10,10,10,11,18,9,9,0,8,3,5,0,30,30,30,20
20200421,19,10,15,12,17,17,0,0,0,0,0,0,0,0,20,20,20,20
20200422,19,10,14,14,17,12,1,0,0,1,1,0,0,1,30,20,10,30
20200423,18,8,12,10,15,12,0,0,0,0,0,0,0,0,10,20,10,10
20200424,18,9,13,11,16,12,0,0,0,0,0,0,0,0,10,10,10,10
20200425,18,7,13,10,17,15,0,0,0,0,0,0,0,0,10,10,10,10
20200426,24,15,19,17,22,19,0,0,0,0,0,0,0,0,20,10,10,20
20200427,18,11,14,14,15,11,8,0,3,5,6,0,2,4,30,20,30,30
20200428,19,10,14,12,17,15,0,0,0,0,0,0,0,0,10,20,10,10
20200429,21,11,16,13,20,17,0,0,0,0,0,0,0,0,10,10,10,10
20200430,23,13,18,16,22,18,0,0,0,0,0,0,0,0,10,10,10,10
20200501,24,17,20,19,23,19,0,0,0,0,0,0,0,0,10,10,10,10
20200502,27,16,21,19,25,21,0,0,0,0,0,0,0,0,10,10,10,10
20200503,25,18,21,20,23,20,0,0,0,0,0,0,0,0,20,20,10,20
20200504,21,17,19,18,19,19,4,3,1,0,5,4,1,0,30,30,30,10
20200505,27,17,21,19,26,20,0,0,0,0,0,0,0,0,20,20,10,20
20200506,19,15,17,17,18,15,26,0,5,21,10,0,2,8,30,20,30,30
20200507,23,14,17,15,21,16,0,0,0,0,0,0,0,0,10,20,10,10
20200508,22,12,17,14,20,17,0,0,0,0,0,0,0,0,10,20,10,10
20200509,21,15,18,17,20,19,0,0,0,0,0,0,0,0,20,10,20,20
20200510,24,18,21,19,22,22,0,0,0,0,0,0,0,0,20,20,20,20
20200511,28,20,23,22,26,22,1,1,0,0,2,2,0,0,30,30,10,10
20200512,27,19,22,20,24,21,0,0,0,0,0,0,0,0,20,20,10,20
20200513,29,19,23,21,28,21,0,0,0,0,0,0,0,0,10,10,10,10
20200514,25,16,21,19,24,20,0,0,0,0,0,0,0,0,10,10,10,10
20200515,27,17,21,20,25,21,0,0,0,0,0,0,0,0,20,10,10,20
20200516,21,16,18,20,17,17,23,2,14,7,13,1,6,6,30,30,30,30
20200517,28,16,21,18,26,22,1,1,0,0,2,2,0,0,30,30,10,10
20200518,21,19,20,19,20,20,4,1,1,2,4,1,1,2,30,30,30,30
20200519,20,15,18,18,19,17,40,38,0,2,12,10,0,2,30,30,20,30
20200520,19,12,14,13,16,13,1,1,0,0,1,1,0,0,30,30,20,20
20200521,14,11,12,11,13,13,2,1,0,1,2,1,0,1,30,30,20,30
20200522,21,13,17,14,20,17,0,0,0,0,0,0,0,0,20,20,10,20
20200523,23,16,18,17,21,19,1,0,1,0,1,0,1,0,30,20,30,10
20200524,26,17,21,19,24,20,0,0,0,0,0,0,0,0,10,10,10,10
20200525,26,18,21,20,25,21,0,0,0,0,0,0,0,0,20,10,10,20
20200526,26,20,21,21,23,21,0,0,0,0,0,0,0,0,20,20,20,20
20200527,27,19,22,20,25,23,0,0,0,0,0,0,0,0,10,20,10,10
20200528,26,19,21,21,24,21,0,0,0,0,0,0,0,0,20,20,10,20
20200529,27,16,21,19,25,21,0,0,0,0,0,0,0,0,10,10,10,10
20200530,27,18,22,20,26,22,0,0,0,0,0,0,0,0,10,10,10,10
20200531,25,19,21,21,23,21,0,0,0,0,0,0,0,0,20,20,20,20
20200601,21,18,20,19,20,20,4,1,1,2,5,1,1,3,30,30,30,30
20200602,26,19,23,21,25,23,0,0,0,0,0,0,0,0,20,20,20,20
20200603,29,21,24,23,27,23,0,0,0,0,0,0,0,0,20,20,10,20
20200604,28,21,24,22,26,24,0,0,0,0,0,0,0,0,10,20,10,10
20200605,29,21,25,23,28,24,0,0,0,0,0,0,0,0,10,10,10,10
20200606,28,21,24,24,27,23,0,0,0,0,0,0,0,0,20,20,20,20
20200607,27,20,23,21,26,22,0,0,0,0,0,0,0,0,10,20,10,10
20200608,29,20,23,21,27,24,0,0,0,0,0,0,0,0,10,20,10,10
20200609,30,21,25,24,29,24,0,0,0,0,0,0,0,0,10,10,10,10
20200610,30,22,25,24,28,24,0,0,0,0,0,0,0,0,20,10,10,20
20200611,29,23,25,25,26,23,6,0,1,5,6,0,1,5,30,20,30,30
20200612,31,23,26,24,28,25,7,7,0,0,3,3,0,0,30,30,20,20
20200613,25,20,22,24,22,20,22,0,16,6,10,0,6,4,30,20,30,30
20200614,26,20,22,21,22,25,6,3,2,1,9,4,4,1,30,30,30,30
20200615,32,22,27,25,30,26,0,0,0,0,0,0,0,0,20,20,10,20
20200616,30,23,25,24,28,25,0,0,0,0,0,0,0,0,10,20,10,10
20200617,29,21,24,23,27,23,0,0,0,0,0,0,0,0,10,10,10,20
20200618,25,20,22,22,24,21,2,0,0,2,4,0,0,4,30,20,20,30
20200619,20,18,19,19,19,19,54,40,7,7,19,8,6,5,30,30,30,30
20200620,28,18,23,21,27,23,0,0,0,0,0,0,0,0,20,10,10,20
20200621,24,19,22,21,23,22,9,9,0,0,3,3,0,0,30,30,20,20
20200622,22,18,20,21,19,19,25,4,19,2,10,2,6,2,30,30,30,30
20200623,28,19,23,20,26,23,1,1,0,0,2,2,0,0,30,30,10,10
20200624,26,20,22,22,24,22,1,1,0,0,1,1,0,0,30,30,10,20
20200625,24,19,21,19,22,22,27,25,2,0,10,8,2,0,30,30,30,20
20200626,32,20,26,21,31,27,0,0,0,0,0,0,0,0,20,20,10,20
20200627,30,23,26,24,27,26,0,0,0,0,0,0,0,0,20,20,10,20
20200628,25,21,23,23,23,22,75,51,24,0,11,8,3,0,30,30,30,20
20200629,29,20,25,23,28,24,0,0,0,0,0,0,0,0,10,10,10,20
20200630,27,22,25,24,26,25,10,0,7,3,4,0,2,2,30,20,30,30
